"STATEFIP","YEAR","POPULATION","SPHSERVICE","CMPSERVICE","OPISERVICE","RTCSERVICE","IJSSERVICE","Missing","Trauma/Stress-related Disorder","Anxiety Disorder","ADHD","Conduct Disorder","Delirium/Dementia","Bipolar Disorder","Depressive Disorder","Oppositional Defiant Disorder","Pervasive Developmental Disorders","Personality Disorders","Schizophrenia or other Psychotic Disorders","Alcohol/Substance Use Disorders","Other Disorder/Condition","CODE"
"Alabama",2013,97362,1995,96690,1733,70,1,2139,6252,4532,12546,2911,719,16224,27650,1822,803,45,17126,1764,2829,1
"Arizona",2013,191093,266,190931,12225,294,2,38,28555,19483,20780,3974,142,46004,42082,1809,4279,566,19382,80,3919,4
"Arkansas",2013,69963,989,69484,3055,762,1,3355,7906,6006,5313,2856,154,12317,16526,2856,157,158,8332,0,4027,5
"California",2013,672620,20,654819,26616,8592,18990,6558,77098,39751,38514,26540,1104,100515,164907,15966,3785,1056,112502,23455,60869,6
"Colorado",2013,103282,1470,99900,1,1910,3,1136,19974,8259,6286,2545,157,20990,25751,1967,370,273,11468,1647,2459,8
"Connecticut",2013,89639,1285,88602,734,309,3,14666,12751,7499,2888,2241,391,14137,18905,1594,1642,72,11360,0,1493,9
"Delaware",2013,9127,2715,7035,1334,228,2,1082,937,374,570,190,21,1719,1723,172,26,7,1571,447,288,10
"Florida",2013,260065,6384,257410,5960,12339,8120,22130,26189,12925,22589,4002,347,52256,69401,3514,546,462,41224,1224,3256,12
"Hawaii",2013,12809,439,12672,174,168,0,842,2001,249,362,301,65,1746,2914,264,27,94,3595,159,190,15
"Idaho",2013,11880,1411,11225,1382,75,4,3571,237,80,103,48,18,980,875,63,21,1777,671,492,2944,16
"Illinois",2013,140482,6923,133559,0,2,5,25,15368,8102,11749,1350,44,29321,44252,2550,34,237,20986,7,6457,17
"Indiana",2013,126025,1235,125295,1412,1874,1,659,11882,8754,13894,6764,126,18557,41804,5901,545,469,14480,0,2190,18
"Iowa",2013,106151,1183,105541,6721,99,3,29710,17196,7863,14531,4058,263,7397,13909,3564,1409,169,4586,271,1225,19
"Kansas",2013,84636,3383,82828,1252,752,2,1586,11635,7951,10816,4463,285,14603,18666,2898,1178,427,7724,0,2404,20
"Kentucky",2013,161441,6735,159654,0,1,4,4387,20730,14064,17061,7176,862,26098,39189,4494,3992,568,11370,4742,6708,21
"Louisiana",2013,51153,1848,49837,1,0,0,10342,1131,1650,3432,491,0,9275,14970,526,223,117,8355,0,641,22
"Maine",2013,71236,254,71117,0,1695,1,464,15961,11191,6652,1101,503,9903,16265,859,2162,186,3563,1060,1366,23
"Maryland",2013,153768,1735,152188,9674,810,4,266,23683,13115,21017,4335,201,31847,38820,3035,55,266,13870,79,3179,24
"Massachusetts",2013,29226,1559,28642,432,149,0,1377,2523,851,768,54,39,6482,4172,58,166,1485,10360,0,891,25
"Mississippi",2013,87379,2981,86262,0,81,31,609,7584,5562,13292,3578,310,11876,22156,4440,734,160,10682,4183,2213,28
"Missouri",2013,75707,1545,74467,35,178,79,2786,6209,4540,5657,397,82,18144,21255,1000,447,415,13745,2,1028,29
"Montana",2013,41812,847,41224,4440,636,1,4525,6128,4176,2593,274,1239,4836,9593,1576,1262,505,3116,770,1219,30
"Nebraska",2013,22040,435,20127,3041,111,1,1480,2371,1062,641,126,48,5545,6195,176,78,149,3275,0,894,31
"Nevada",2013,29196,2978,28751,0,124,1,2076,2197,1670,466,301,47,7091,7442,109,98,42,5232,1795,630,32
"New Jersey",2013,324221,3043,308098,12521,4359,24,68719,41080,19535,11668,3517,2868,27199,62772,6266,2204,2090,30622,20273,25408,34
"New Mexico",2013,80772,884,80102,2737,1089,0,2398,21370,6725,7062,1895,640,9607,15857,1897,786,174,4787,4448,3126,35
"New York",2013,53000,10174,46277,1,1,16393,1227,5450,2234,1486,346,0,9519,8687,349,0,2477,20381,0,844,36
"North Carolina",2013,223440,3293,221683,379,35,2,6310,25936,20420,20459,6471,1965,42350,60067,11177,11,2471,21329,0,4474,37
"North Dakota",2013,15012,479,15012,3058,73,366,1980,1479,1572,893,178,108,1654,3674,151,198,163,1523,9,1430,38
"Ohio",2013,323540,6306,321972,7,1732,7,8285,51257,23972,36461,12552,905,47037,72123,11810,3919,1276,26975,19340,7628,39
"Oklahoma",2013,77409,1671,76192,3863,1916,1282,8907,7770,8088,2512,1000,63,12688,20665,1129,246,1545,7789,0,5007,40
"Oregon",2013,129245,1450,126905,6667,2572,14,46241,25323,9678,7524,627,658,8004,17247,1700,1602,231,9076,2,1332,41
"Pennsylvania",2013,646605,968,646365,0,0,1,230899,47739,27382,50211,10400,5545,48340,91309,10784,20258,527,19233,71102,12876,42
"Rhode Island",2013,32147,873,31888,0,0,0,10087,3113,1985,1460,575,85,4989,6777,265,164,34,2324,39,250,44
"South Carolina",2013,79301,1684,78588,1,35,170,2623,6864,4160,9814,2633,210,12133,18479,2401,492,917,15026,2098,1451,45
"South Dakota",2013,14438,1462,13176,0,1,2,55,3328,947,1233,321,222,1785,3394,395,173,7,1679,79,820,46
"Tennessee",2013,95636,6852,87911,2091,422,8,8576,7479,10056,5805,1066,275,23132,28043,1254,356,415,7644,46,1489,47
"Texas",2013,311228,16285,308798,14096,211,9,76054,6756,2799,21562,3142,287,73366,71169,2712,713,501,47117,0,5050,48
"Utah",2013,45809,638,45161,1845,591,2757,4494,4699,6030,1262,976,661,7340,11317,961,1580,513,4950,0,1026,49
"Vermont",2013,24435,0,24378,1,2082,2,4043,6255,2147,1476,294,88,1717,4508,313,403,113,1645,188,1245,50
"Virginia",2013,109699,4406,108623,0,0,1,5815,10441,10897,10010,2723,988,17646,22744,3104,0,4560,15652,0,5119,51
"Washington",2013,147977,2985,145770,9906,108,8,18741,24696,13797,4694,2899,1711,17284,42105,1411,270,639,16859,2044,827,53
"Wisconsin",2013,97812,4440,91482,12007,2623,15,8776,11342,7139,3514,604,783,15380,24139,639,502,971,15106,1714,7203,55
"Wyoming",2013,16582,293,16272,0,0,404,368,3117,1693,986,492,57,2104,4784,441,183,137,796,0,1424,56
"Other Jurisdiction",2013,206,4,206,0,0,0,105,7,5,9,1,1,8,22,0,1,2,24,15,6,99
"Alabama",2014,94474,1575,93892,2100,72,1,391,5816,4572,12227,3000,732,15817,26308,1730,830,40,17275,1426,4310,1
"Arizona",2014,158173,289,158019,10033,279,6,26,24135,15762,16395,2722,95,38731,32908,1401,4017,395,18483,91,3012,4
"Arkansas",2014,67641,983,67209,3013,488,4,3428,7656,6133,3670,3059,125,12356,16260,2504,163,157,8390,3,3737,5
"California",2014,697180,10202,659315,27129,8794,43763,6772,71986,49427,23568,23563,2019,110699,169189,14701,6306,3327,122016,37638,55969,6
"Colorado",2014,114721,1790,110647,1,2286,4,1175,22576,10218,6852,2526,190,22503,28983,1843,348,234,12456,2268,2549,8
"Connecticut",2014,91525,1260,90449,535,1546,6,12434,13467,6910,3149,2403,345,14902,20203,1612,1651,512,11226,0,2711,9
"Delaware",2014,10065,522,9644,1343,234,0,973,1125,357,487,196,28,1875,1884,148,42,13,1825,834,278,10
"District of Columbia",2014,25101,822,23726,1462,126,3,2175,1212,497,1255,203,16,3719,9945,178,23,30,4896,637,315,11
"Florida",2014,233512,5150,227461,3868,8178,3123,68336,18589,9593,12187,2106,157,38727,49238,1793,369,250,29048,817,2302,12
"Hawaii",2014,12594,489,12443,162,147,1,706,2320,245,339,325,43,1658,2887,222,37,26,3500,141,145,15
"Idaho",2014,14107,1706,13484,1875,107,5,9641,92,29,64,28,3,523,394,29,12,1050,423,173,1646,16
"Illinois",2014,139699,6553,133144,0,0,5,20,15659,8930,11367,1323,43,30002,43297,2396,45,204,21067,6,5340,17
"Indiana",2014,129167,1198,128444,1244,1829,4,799,11913,9046,14059,7090,136,18515,43830,5877,583,473,14730,0,2116,18
"Iowa",2014,111351,1040,110851,7185,1201,0,26618,19429,9388,14573,3951,284,8405,16762,3401,1469,217,4965,578,1311,19
"Kansas",2014,80991,3388,79374,1072,490,0,29478,6155,5137,6004,2746,132,9719,12202,1718,495,223,5804,0,1178,20
"Kentucky",2014,158086,6510,156283,0,0,1,4280,20240,14433,16176,6457,850,25722,38837,4117,4514,528,11396,4852,5684,21
"Louisiana",2014,45373,1669,43967,1,1,2,1159,1365,1630,3522,455,0,10245,16406,526,247,178,8933,0,707,22
"Maryland",2014,165346,1805,163626,11968,809,6,365,25052,15541,22585,4202,285,33179,42894,2924,63,325,14479,144,3308,24
"Massachusetts",2014,32046,1667,31430,356,145,1,2021,2659,1035,850,72,41,6894,4929,75,188,1575,10842,0,865,25
"Minnesota",2014,205841,1754,204988,18987,2817,18,8973,39250,28571,20054,4154,1964,16082,50858,2638,4744,3295,14810,323,10125,27
"Mississippi",2014,85962,2792,83901,0,5,2,38743,5024,3306,7061,2273,144,6142,11807,3119,351,119,4175,2881,817,28
"Missouri",2014,74670,1512,73401,8,166,46,2802,6154,4546,5503,418,80,17578,21222,1081,429,386,13471,2,998,29
"Montana",2014,43792,859,43241,4539,684,5,5022,6625,4613,2689,295,1155,4750,9905,1646,1362,530,3128,819,1253,30
"Nebraska",2014,22578,467,20611,2934,119,4,1681,2603,1150,728,116,43,5399,6334,223,79,129,3145,0,948,31
"Nevada",2014,30358,4438,27733,1,137,1,3780,2060,1668,442,320,34,6758,7446,117,103,26,5253,1778,573,32
"New Jersey",2014,324940,3621,308024,11733,4759,27,74699,40255,19695,11559,3433,2551,26632,61212,5936,2316,2061,30106,19347,25138,34
"New Mexico",2014,93300,836,92209,1572,743,1,6314,21759,7480,6632,1649,947,9782,15480,1490,1030,181,5669,6745,8142,35
"New York",2014,53505,9970,46797,1,2,16598,1324,5880,2413,1557,304,0,9523,8795,338,0,2489,19950,0,932,36
"North Carolina",2014,219448,2876,217801,327,32,4,7599,24040,18684,15393,6202,1830,46274,61116,10688,9,1495,22349,0,3769,37
"North Dakota",2014,14533,446,14533,2895,81,325,1702,1380,1678,841,177,109,1660,3628,120,192,95,1576,2,1373,38
"Ohio",2014,372965,6547,370817,8,2480,18,11754,56696,29221,38717,13132,665,52876,84345,12198,4412,1395,29170,29813,8571,39
"Oklahoma",2014,79751,1425,78107,3195,497,444,7615,8438,5104,2655,1241,33,15956,24389,1265,410,66,8545,0,4034,40
"Oregon",2014,120564,1498,119000,5503,2899,7,41664,24297,8061,10203,823,439,5299,16212,1498,966,291,6921,1,3889,41
"Pennsylvania",2014,615570,2152,614514,3,2,6,132985,48458,29742,55251,11399,5191,68006,107455,11605,24729,711,34573,73950,11515,42
"Rhode Island",2014,30732,470,30550,0,0,1,11668,2858,1852,1314,559,52,4172,5608,229,166,30,1958,33,233,44
"South Carolina",2014,80982,2000,80156,0,30,180,2708,7381,4411,9830,2502,188,12239,19115,2437,488,910,15231,2091,1451,45
"South Dakota",2014,14817,1440,13597,0,0,0,74,3466,1054,1257,267,199,1820,3520,366,184,8,1639,78,885,46
"Tennessee",2014,111265,7645,109753,2134,155,7,5927,8268,9896,5117,1089,479,26789,34016,1376,445,365,11567,6,5925,47
"Texas",2014,324439,14357,322131,13139,241,7,90663,5634,2781,21379,2899,303,72400,72211,2541,814,487,47317,0,5010,48
"Utah",2014,48567,633,48075,1808,650,2198,6315,5383,6662,1320,880,610,7170,11303,970,1563,457,4930,0,1004,49
"Vermont",2014,24613,0,24574,1,1381,2,6078,5821,2161,1458,294,70,1554,4004,267,377,91,1250,12,1176,50
"Virginia",2014,112577,4635,111460,0,0,1,5767,11074,12057,10438,2876,992,18370,22862,2849,0,4360,15829,0,5103,51
"Washington",2014,70456,2884,62341,10697,105,13,5425,10437,5822,1908,1193,297,10043,18890,501,167,362,14174,853,384,53
"Wisconsin",2014,100684,5457,97758,4461,2815,13,9024,11593,7841,3645,507,774,15246,24223,627,507,981,14996,1396,9324,55
"Wyoming",2014,17142,266,16882,0,0,367,437,3160,1889,1080,461,55,2163,4979,438,205,203,941,0,1131,56
"Puerto Rico",2014,21387,1996,18074,1521,82,1,21333,2,1,31,3,0,0,5,1,5,0,2,0,4,72
"Other Jurisdiction",2014,182,6,182,0,0,0,107,5,1,4,0,3,6,15,0,0,0,24,14,3,99
"Alabama",2015,101582,1180,101102,2042,72,5,277,7441,5188,13299,2914,639,16897,28054,1802,978,44,17529,2472,4048,1
"Arizona",2015,155122,287,154895,17177,231,9,22,23991,16751,15086,2473,109,36936,33191,1197,3895,375,18155,145,2796,4
"Arkansas",2015,69398,893,68963,2064,404,1,3843,8591,6724,3103,3071,149,12520,17547,2022,133,140,8307,4,3244,5
"California",2015,695815,10953,656093,27088,8994,45654,4660,72536,53062,22677,23354,2030,109278,171357,14037,6529,3051,121390,36770,55084,6
"Colorado",2015,130537,1539,126393,3,2607,7,22589,19245,13739,6491,731,112,13565,31401,1878,718,565,9583,4280,5640,8
"Connecticut",2015,90524,1237,89515,391,1523,4,27955,8930,5123,2134,1236,275,12126,16904,859,1073,401,10790,425,2293,9
"Delaware",2015,9680,472,9116,1474,194,1,1090,1052,233,209,171,34,1913,1637,184,84,7,1833,1022,211,10
"District of Columbia",2015,28531,697,27385,1379,113,2,2111,1642,592,1473,277,27,4272,11014,222,27,32,5332,1029,481,11
"Florida",2015,230652,5274,227046,4414,6555,3308,53235,21424,11283,12731,2176,183,39892,53391,1828,461,242,30180,788,2838,12
"Hawaii",2015,10645,492,10486,93,131,1,765,2211,205,361,276,33,1280,2113,209,43,34,2872,102,141,15
"Idaho",2015,14425,1740,13793,1892,91,3,11149,53,15,26,10,2,389,262,9,7,941,272,96,1194,16
"Illinois",2015,130002,5743,124258,0,1,3,6,14715,9513,10858,1137,46,27885,40118,2262,35,198,17832,1,5396,17
"Indiana",2015,134121,1158,133413,1419,1834,3,829,12312,9756,14549,7802,133,18821,46368,5775,606,410,14697,0,2063,18
"Iowa",2015,116443,906,116092,8185,1182,3,19751,22973,11739,15119,3653,255,9268,20918,3308,1534,286,5229,966,1444,19
"Kentucky",2015,160096,6449,158228,0,0,4,4448,20797,15495,15424,6130,1138,26046,39373,4016,4825,605,11300,4832,5667,21
"Louisiana",2015,43831,1592,42412,0,0,1,2848,1374,1812,3282,558,0,9176,14395,480,212,295,7956,0,1443,22
"Maryland",2015,185306,1712,183486,14974,794,10,5030,27598,20474,24326,4619,341,29887,50617,3186,67,410,15041,141,3569,24
"Massachusetts",2015,33556,1706,32862,382,116,1,2534,2833,1162,909,70,48,7383,5077,93,186,1537,10934,0,790,25
"Minnesota",2015,225786,1798,224562,21287,2930,16,10438,44738,34963,21940,3970,1886,15949,54562,2609,5037,3718,14955,335,10686,27
"Mississippi",2015,90279,2574,88738,0,7,1,7160,6776,5460,13535,2790,267,11155,21650,4633,769,168,11920,2645,1351,28
"Missouri",2015,75472,1515,74180,126,137,41,3153,6491,5258,5511,416,79,17094,20944,1171,435,418,13419,4,1079,29
"Montana",2015,46288,878,45620,4269,611,4,5529,7543,5267,2659,287,1110,4722,10367,1621,1324,539,3091,892,1337,30
"Nebraska",2015,19441,383,17608,2612,78,4,1430,2487,1203,590,89,23,4641,5450,156,59,137,2199,0,977,31
"Nevada",2015,28589,4855,25208,1,143,7,3584,2245,1604,478,276,37,6226,6709,141,119,26,5510,1152,482,32
"New Jersey",2015,325102,3820,308249,11716,4913,24,81680,38639,19274,11016,3167,2583,25784,60830,5057,2033,2043,29744,18809,24443,34
"New Mexico",2015,121603,767,110759,10837,760,16,16447,23462,10884,6819,1674,1148,9170,18636,1310,1139,186,4566,14074,12088,35
"New York",2015,54524,9847,47982,0,0,17193,1651,6179,3676,1724,369,1,7667,9528,248,0,2880,19763,0,838,36
"North Carolina",2015,225452,2604,223844,334,37,1,7091,26502,22955,14810,5098,1652,41700,67649,9732,6,1847,22853,0,3557,37
"North Dakota",2015,14943,507,14943,2718,98,304,2075,1361,1705,832,161,98,1534,3729,115,221,117,1578,9,1408,38
"Ohio",2015,415094,2639,413937,8,2087,16,25680,63277,36066,41678,13644,696,57789,95157,12348,5043,1601,28773,20994,12348,39
"Oklahoma",2015,74836,1219,73252,2704,480,534,9042,8231,4913,2302,1014,34,13087,20980,1057,357,64,7179,0,6576,40
"Oregon",2015,131581,1799,129492,5706,1879,12,36117,30886,13826,258,518,503,9757,25331,1270,1596,338,10314,0,867,41
"Rhode Island",2015,32061,190,31925,0,0,0,16220,2445,1391,992,406,71,3305,5048,184,120,44,1618,43,174,44
"South Carolina",2015,83286,2014,82466,1,34,185,3173,7964,4955,10122,2253,212,12204,20400,2442,492,850,15051,1844,1324,45
"South Dakota",2015,15928,1834,14309,0,0,2,91,3782,1174,1286,241,227,1882,3857,346,202,7,1788,76,969,46
"Tennessee",2015,115168,8383,113724,2325,58,3,27345,7560,8091,4750,884,325,22418,30436,1124,445,407,9180,1,2202,47
"Texas",2015,348147,13005,346122,13130,227,8,172514,5751,2997,15564,2168,341,52519,59117,1847,624,474,30722,0,3509,48
"Utah",2015,51080,606,50592,1709,711,2710,6634,6171,6693,1455,815,519,7139,12017,945,1422,654,4883,360,1373,49
"Vermont",2015,24580,0,24533,0,881,1,7889,5519,1926,1263,212,60,1406,3485,220,419,98,1139,22,922,50
"Virginia",2015,115824,5398,114426,0,0,1,5959,11820,12738,10229,2892,1106,18506,23891,3210,0,4288,16037,0,5148,51
"Washington",2015,75828,2834,67322,11103,186,14,5007,11500,6743,1817,1116,224,10649,21636,523,148,304,14996,827,338,53
"Wisconsin",2015,72929,5177,70755,2330,2114,10,7401,8208,5760,2603,308,369,10433,14645,428,391,388,10271,828,10896,55
"Wyoming",2015,17798,282,17547,1,0,384,518,3361,2116,1084,441,58,2177,5099,491,209,249,961,0,1034,56
"Puerto Rico",2015,23194,2451,19366,1639,83,1,23053,5,3,58,11,0,3,14,4,9,0,8,8,18,72
"Other Jurisdiction",2015,175,47,154,0,0,0,108,5,2,2,0,1,6,10,0,0,1,14,22,4,99
"Alabama",2016,104320,936,103881,2045,64,1,9787,7153,5682,12736,1837,501,12250,28557,1904,704,305,17307,12,5585,1
"Arizona",2016,187972,219,187713,21647,183,5,12132,27951,22735,17925,2406,111,31853,38082,1469,4370,769,18789,2428,6952,4
"Arkansas",2016,74458,969,73952,2133,368,1,6493,10346,7934,2703,3055,190,7342,20314,1961,100,243,8413,0,5364,5
"California",2016,647328,11652,607872,23558,9398,43758,5142,68442,51859,21057,21283,1821,95943,148604,12367,6207,2859,111051,33670,67023,6
"Colorado",2016,124011,1350,121663,0,998,1,14126,21481,13318,5653,1582,92,11925,29197,1228,286,719,10373,4318,9713,8
"Connecticut",2016,94541,1221,93681,232,1443,2,30541,9590,6779,1968,990,442,10414,17083,946,1174,429,10864,144,3177,9
"Delaware",2016,7456,759,3104,1674,3288,7,977,682,127,230,47,46,1199,1241,150,47,22,1226,1310,152,10
"District of Columbia",2016,35028,636,34627,22,123,0,8831,1736,585,1586,321,28,4307,10699,238,29,31,5183,925,529,11
"Florida",2016,214257,5313,211104,3982,4481,2526,35779,24090,12984,12562,1973,294,32613,55125,1750,499,485,29169,1338,5596,12
"Hawaii",2016,10117,491,9933,210,138,1,723,1603,239,382,237,131,1022,2106,269,21,34,3139,35,176,15
"Idaho",2016,15320,1923,14682,2147,98,1,8042,249,357,174,104,14,1507,1982,175,60,151,1817,3,685,16
"Illinois",2016,78703,6197,72504,0,0,6,61379,1807,1397,983,125,55,2341,2809,266,125,34,3303,265,3814,17
"Indiana",2016,135384,1105,134695,1846,1900,2,322,10311,11844,15374,5344,69,14955,44797,6389,533,754,15606,3,9083,18
"Iowa",2016,115628,662,115392,9915,1066,4,9832,14460,10573,11309,3379,634,13588,36474,3367,1269,408,8045,941,1349,19
"Kentucky",2016,155014,6601,152864,0,0,4,6618,21711,19823,14469,4696,629,18919,37459,4045,4821,1003,10440,5848,4533,21
"Louisiana",2016,34508,1486,33245,1,1,4,10939,967,1506,2045,385,8,4521,7409,335,168,158,4971,0,1096,22
"Maryland",2016,202972,1675,201242,14876,750,6,18077,28084,23608,26093,4034,331,23717,48557,3218,37,334,15449,24,11409,24
"Massachusetts",2016,33921,1758,33204,979,146,1,23865,1425,662,245,10,19,1543,2054,36,94,2,2877,0,1089,25
"Minnesota",2016,259024,2093,257491,22133,3208,9,20261,51213,43596,24463,3709,1497,14357,56208,3022,4786,4850,14932,318,15812,27
"Mississippi",2016,83432,2127,82114,1,197,1,2304,6158,12746,13398,1857,153,9840,18724,3428,739,168,10439,2327,1151,28
"Missouri",2016,76268,1602,74932,177,103,44,7461,1846,8101,5898,339,0,14021,20353,1344,0,540,13138,0,3227,29
"Montana",2016,38476,527,37828,2316,331,1,7370,5906,4408,2093,191,557,3528,7375,1414,1061,477,2408,605,1083,30
"Nebraska",2016,19739,467,17630,3192,24,2,2819,2260,1532,614,84,36,3540,5296,193,62,65,2002,0,1236,31
"Nevada",2016,23945,3714,21464,1,150,1,10084,1505,1569,427,173,52,1128,2058,147,104,559,1967,2878,1294,32
"New Jersey",2016,323392,3663,307486,9720,4718,7,306620,3442,1179,3287,658,8,488,1651,1877,1898,25,112,594,1553,34
"New Mexico",2016,131220,832,120328,11396,796,15,5218,29200,15277,7191,1336,618,8172,21174,1457,1390,247,5138,18327,16475,35
"New York",2016,56968,9447,50977,0,0,18206,1131,6945,4536,2074,384,117,6327,9681,352,48,4724,19372,181,1096,36
"North Carolina",2016,138079,2499,122795,13394,4767,7,47257,10791,8662,2601,1294,207,16653,32075,2495,4,995,11250,0,3795,37
"North Dakota",2016,14842,639,14842,2916,129,268,4988,868,1189,640,123,39,1241,2821,91,198,114,1447,21,1062,38
"Ohio",2016,430145,5664,428711,10,4933,9,18027,69878,40529,42247,14223,546,52505,98206,12397,5402,1685,29290,26529,18681,39
"Oklahoma",2016,92310,1361,90699,2710,528,720,9411,11446,8082,3506,1114,33,12296,29046,1470,241,108,9486,0,6071,40
"Oregon",2016,126319,2641,125560,4278,2158,13,299,42457,18366,8900,694,382,9926,25472,1777,1652,3143,11282,25,1944,41
"Pennsylvania",2016,543618,2263,536819,44119,6612,26,83114,58157,37800,60275,11755,3197,76667,124146,12211,26247,1037,37883,0,11129,42
"Rhode Island",2016,31643,199,31518,0,0,0,7977,2868,2035,1418,407,35,3196,8418,171,171,270,3752,0,925,44
"South Carolina",2016,85254,1758,84442,0,14,194,5341,8336,5335,10242,2100,209,10534,20026,2411,540,767,14781,1633,2999,45
"South Dakota",2016,16055,1420,14845,0,0,0,888,3815,1216,1251,238,132,1572,3467,287,168,8,1465,34,1514,46
"Tennessee",2016,118609,7644,117230,2160,220,6,42541,7776,7624,5198,843,136,13829,25411,1140,424,372,7622,0,5693,47
"Texas",2016,368722,14352,366530,12773,223,9,113010,8606,4280,25801,2305,277,67200,84550,3105,1075,364,49231,0,8918,48
"Utah",2016,53708,592,53224,1900,664,2573,5994,6426,7404,1952,454,316,3619,11840,696,764,900,4542,4285,4516,49
"Vermont",2016,31244,0,31211,0,80,1,11126,6270,2331,1554,200,66,1048,3302,211,552,349,1583,1030,1622,50
"Virginia",2016,117415,6260,115674,0,0,5,6178,11792,12900,11354,2339,857,13066,23416,2729,0,3726,16606,0,12452,51
"Washington",2016,92176,2833,82506,14403,188,19,4893,14895,10250,2691,1130,237,10321,25681,844,147,636,16206,1214,3031,53
"Wisconsin",2016,77345,4991,75629,2338,1944,6,7935,8149,7505,2717,280,320,9419,14116,440,414,2022,10049,628,13351,55
"Wyoming",2016,17921,284,17572,0,0,571,683,3527,2277,992,412,51,1909,5123,466,187,255,963,0,1076,56
"Puerto Rico",2016,17567,1783,14469,1447,70,0,17428,5,3,57,11,0,3,14,4,9,0,7,8,18,72
"Other Jurisdiction",2016,376,37,355,0,0,0,118,10,12,14,3,0,18,21,1,5,0,99,47,28,99
"Alabama",2017,103959,857,103492,1801,67,0,5644,7552,5780,13059,1419,397,12089,27545,1877,852,440,17537,6,9762,1
"Arizona",2017,196212,211,195884,25082,267,5,45793,11691,24187,18596,1605,6,26306,37269,1584,4758,1000,19727,10,3680,4
"Arkansas",2017,74985,860,74526,1779,422,0,5749,11026,9114,2479,2790,196,7143,20355,1814,93,454,8524,0,5248,5
"California",2017,638455,12074,600262,19908,8005,40262,61133,66959,45086,27696,14243,1050,43381,129899,9619,3701,906,104596,57643,72543,6
"Colorado",2017,147250,1466,140984,1,4801,2,1871,32916,17708,7393,1933,103,15826,38810,1942,369,955,12898,6089,8437,8
"Connecticut",2017,97130,1199,96198,291,1886,6,18587,13845,7845,6327,1829,563,8658,18315,1349,1383,460,10980,1668,5321,9
"Delaware",2017,9578,1075,4414,1691,4208,6,1953,937,214,367,84,32,1255,1446,241,48,21,1184,1670,126,10
"District of Columbia",2017,36668,678,36360,16,101,0,7043,2651,1147,1945,333,21,5118,10148,379,20,30,5752,458,1623,11
"Florida",2017,213758,5409,210557,3681,3921,2637,32719,31329,12942,13859,2221,329,25588,50327,1691,543,491,29621,814,11284,12
"Hawaii",2017,9915,474,9714,166,125,1,816,1947,226,336,185,34,1136,1869,237,19,24,2866,22,198,15
"Idaho",2017,15424,2033,14750,2346,101,3,7763,331,400,182,92,15,1540,2206,178,64,148,1961,2,542,16
"Illinois",2017,71195,4348,66847,1,0,3,393,8831,5785,5799,768,30,11339,19959,1357,18,282,11240,292,5102,17
"Indiana",2017,137628,1084,136980,1594,1824,0,37,11186,12855,14908,5053,67,14439,46897,6662,612,929,15428,1,8554,18
"Iowa",2017,101763,586,100078,17946,1243,5,45963,6670,5592,4883,1907,269,8110,19807,1976,477,207,4796,430,676,19
"Kentucky",2017,155192,6295,153118,2,2,5,1850,21056,17610,13617,3833,706,11020,34300,3743,4426,910,10158,15314,16649,21
"Louisiana",2017,49302,1089,48326,0,0,2,23742,1500,1896,2188,291,17,4235,9097,378,172,91,4962,0,733,22
"Maine",2017,49502,3,45029,1,4471,213,30647,3886,2881,354,5,2,3829,6220,8,103,16,1301,136,114,23
"Maryland",2017,201718,1649,199997,15186,656,3,1389,31136,27138,27773,3917,349,24843,52948,3375,34,383,15868,48,12517,24
"Massachusetts",2017,31659,1604,30977,608,141,0,18486,1776,971,400,24,25,2062,2916,50,104,2,3721,0,1122,25
"Michigan",2017,177289,388,173324,3764,1017,504,6291,12106,9652,9149,1950,547,22551,38175,3967,9717,961,25710,1730,34783,26
"Minnesota",2017,270651,2200,268902,22798,3307,19,25479,52900,58572,25165,3528,81,11982,48280,4120,74,5902,15314,36,19218,27
"Mississippi",2017,73867,2463,72206,0,232,1,11987,5742,4384,10599,2339,121,6692,14936,3817,560,279,7563,2396,2452,28
"Missouri",2017,77497,1573,76172,194,94,40,3476,2510,9169,6835,317,0,14105,22256,1694,0,755,13563,0,2817,29
"Montana",2017,50515,893,50262,2961,682,458,1241,8784,8958,3364,301,470,3686,10822,2278,1358,364,2790,191,5908,30
"Nebraska",2017,21927,477,19771,3266,110,1,2709,2357,1741,621,81,69,3658,5659,161,68,72,2230,795,1706,31
"Nevada",2017,20535,3183,18402,0,167,0,6286,1725,1618,425,230,39,1126,2185,171,107,519,2042,2820,1242,32
"New Jersey",2017,402469,3492,375834,27999,7170,1689,93610,49257,23409,17268,4320,2481,30519,72340,7822,3517,2481,39567,21535,34343,34
"New Mexico",2017,147669,713,133400,13953,812,14,3614,33835,20188,7835,1166,444,8656,25062,1462,1859,283,6607,25548,11110,35
"New York",2017,58040,8944,52416,1,0,19233,1459,7316,3409,2004,377,73,5005,7431,450,40,4775,19398,0,6303,36
"North Carolina",2017,142665,2434,130742,6580,5334,4,10426,15541,11303,4227,2037,280,23954,44414,3737,3,1490,17546,0,7707,37
"North Dakota",2017,13978,552,13978,2985,194,366,5962,595,922,497,95,31,1057,2144,75,183,108,1349,15,945,38
"Ohio",2017,531703,5457,530080,4,4701,8,98720,81944,57230,48854,12695,431,48193,97173,12708,6057,3058,37067,204,27369,39
"Oklahoma",2017,96368,1616,94620,2728,507,882,11230,12600,9392,3604,957,45,11417,31174,1518,84,103,9803,0,4441,40
"Oregon",2017,126493,1502,125752,4985,2154,3,83,41370,27092,0,0,965,9178,26730,0,0,793,11787,8,8487,41
"Pennsylvania",2017,573439,1936,565856,47743,5998,9,74126,68334,47858,62899,11720,3510,69521,135638,13149,21511,1365,39251,3,24554,42
"Rhode Island",2017,31249,217,31123,0,0,0,6354,3174,2213,1469,456,37,3296,9068,179,165,270,3731,0,837,44
"South Carolina",2017,85754,1872,84928,1,2,203,5265,9103,5645,10216,1975,191,10034,19616,2336,569,721,14774,1664,3645,45
"South Dakota",2017,15726,1200,14688,0,0,0,1009,3542,1365,1210,200,131,1476,3476,253,154,5,1408,21,1476,46
"Tennessee",2017,108269,7627,106794,2283,93,4,44881,5853,6960,2483,545,120,12723,22903,590,275,284,7420,0,3232,47
"Texas",2017,379956,15536,377201,10348,225,6,115710,9826,4503,27435,2019,239,67138,89552,3030,1215,310,50320,0,8659,48
"Utah",2017,55525,567,55062,1989,655,5374,7019,7162,8545,2016,292,286,4040,13856,593,674,694,5305,17,5026,49
"Vermont",2017,30924,0,30889,0,93,1,9907,6747,2507,1540,163,46,1080,3402,208,573,343,1602,1191,1615,50
"Virginia",2017,122624,6396,120751,1,1,1,9044,13108,13534,11420,2312,894,13073,24434,2536,0,3549,16914,2,11804,51
"Washington",2017,107264,2770,100762,13900,197,17,11499,17896,12667,3802,1266,336,9784,26070,1056,196,1298,15780,1887,3727,53
"Wisconsin",2017,65079,4199,63943,1890,1482,4,7687,6531,9358,2513,256,184,5785,10985,332,375,3198,8561,241,9073,55
"Wyoming",2017,17365,247,17015,0,0,503,700,3297,2459,956,350,65,1544,4755,441,180,308,937,0,1373,56
"Puerto Rico",2017,25529,2744,21151,1838,100,0,23862,88,49,262,39,2,93,388,55,17,2,289,269,114,72
"Other Jurisdiction",2017,389,48,355,0,0,0,155,21,9,7,2,2,15,20,0,7,0,87,58,6,99
"Alabama",2018,102424,879,101954,1511,51,0,729,8155,5900,13669,1258,388,11831,27587,1992,863,437,17747,7,11861,1
"Arizona",2018,224773,212,224328,35662,467,1,54911,12659,29586,20587,1697,2,28143,42320,1862,5714,1319,21951,2,4020,4
"Arkansas",2018,74888,831,74436,1530,556,1,15286,10358,7699,1075,2360,171,6044,18416,1279,77,418,6758,0,4947,5
"California",2018,708634,12579,669143,22609,9466,37973,34793,77905,56142,29664,12722,1352,50349,163177,11953,3374,1065,122913,63861,79364,6
"Colorado",2018,150547,1317,144286,2,4946,1,1678,36751,18174,7276,2035,118,15557,39102,1828,425,974,12689,6470,7470,8
"Connecticut",2018,93947,1126,93047,231,1824,4,16062,13686,8015,6462,2136,471,7913,18331,1414,1492,504,10513,1538,5410,9
"Delaware",2018,9889,979,3220,1545,5591,8,1087,612,205,254,56,26,1489,1925,115,26,33,1683,2223,155,10
"District of Columbia",2018,45560,714,45024,22,97,0,9730,2880,1263,2399,410,24,6156,12846,494,23,38,6670,608,2019,11
"Florida",2018,218368,5517,213685,3883,3229,2543,32609,26900,14027,13080,1894,327,26119,53054,1368,522,515,32962,1171,13820,12
"Hawaii",2018,10006,491,9827,263,197,0,909,2401,275,395,164,19,1032,1557,230,21,15,2719,19,250,15
"Idaho",2018,16718,2150,16000,2460,106,3,9051,291,383,218,66,13,1536,2271,187,61,154,1985,1,501,16
"Illinois",2018,66656,3903,62753,0,1,2,419,8808,5655,5127,678,16,10132,18504,1283,23,241,10408,324,5038,17
"Indiana",2018,137357,1087,136703,1449,1655,2,20,11717,13399,14142,4932,52,13811,47504,6540,553,1043,14879,0,8765,18
"Iowa",2018,189347,555,187748,15511,5869,4,15336,29171,35102,25669,2443,386,11833,43078,3171,0,790,10473,0,11895,19
"Kentucky",2018,157732,6413,155650,1,2,8,1507,22991,17771,13404,3336,795,11013,35255,3578,4629,940,10357,16197,15959,21
"Louisiana",2018,39413,1015,38479,0,1,0,16411,1127,1729,1993,196,14,3559,8596,294,184,78,4631,0,601,22
"Maryland",2018,213605,1725,211941,15153,576,8,1695,33563,29106,28739,3749,360,26330,56336,3639,81,498,16321,0,13188,24
"Massachusetts",2018,26383,1672,25570,521,138,0,17134,712,827,318,6,4,1656,1861,27,51,31,3322,0,434,25
"Michigan",2018,231953,391,227554,4470,1199,1028,7250,18463,13504,12032,2563,778,28417,53384,5515,12811,1300,30724,2077,43135,26
"Minnesota",2018,287962,2876,285937,24569,3521,14,18540,59657,61843,23686,3618,579,15009,58737,3829,3454,4578,17509,114,16809,27
"Mississippi",2018,85449,2651,83626,0,619,1,526,7577,6237,13776,2803,174,8854,20202,4181,943,300,10363,6775,2738,28
"Missouri",2018,76409,1557,75040,66,70,33,3281,3028,9068,6764,333,0,12909,22356,1875,0,797,13187,0,2811,29
"Montana",2018,63050,957,62509,3137,788,662,1811,9781,13700,4220,298,612,3754,14030,2241,1394,549,3356,14,7290,30
"Nebraska",2018,24983,603,22727,3351,126,3,4970,2461,1759,720,72,152,3479,5700,197,88,116,2264,824,2181,31
"Nevada",2018,19635,3019,19582,0,139,2,6372,1681,1588,367,258,34,1009,2022,134,100,437,2003,2431,1199,32
"New Jersey",2018,421376,3387,395830,26858,8113,2151,100418,53301,24199,19423,4458,2453,30701,73495,8585,5130,2482,39071,21822,35838,34
"New Mexico",2018,149503,655,148772,9924,67,9,3,25568,20189,7559,861,495,6705,20739,905,2042,230,5555,26529,32123,35
"New York",2018,57929,8743,52602,1,0,19100,1395,7581,3273,1870,353,72,5170,7606,394,20,4587,19328,0,6280,36
"North Carolina",2018,101046,2542,90561,9031,4458,6,10860,11857,8114,2439,1065,166,14036,29500,1859,0,1110,13345,0,6695,37
"North Dakota",2018,13866,196,13866,2981,194,426,6684,505,776,443,86,20,925,1853,59,150,87,1259,0,1019,38
"Ohio",2018,482098,3769,480917,6,3280,11,32914,81606,56358,46031,10883,613,50830,109851,12312,5983,2834,39569,92,32222,39
"Oklahoma",2018,101831,1795,99965,2610,543,989,14314,14598,9959,3580,829,37,10429,32047,1466,133,141,9690,0,4608,40
"Oregon",2018,134743,1454,134304,4512,2027,3,37,42072,25240,7672,421,306,8849,25805,1481,1731,691,11178,1,9259,41
"Pennsylvania",2018,565437,1752,555836,48481,5951,12,77376,73929,53929,60220,10379,3356,53532,129290,12272,11778,1710,38188,1,39477,42
"Rhode Island",2018,30383,224,30251,0,0,0,6484,2153,2869,1576,390,12,3065,8579,213,166,332,3691,0,853,44
"South Carolina",2018,87192,1538,86602,0,1,0,2850,10560,6094,10116,1855,224,10406,20038,2313,612,871,15727,1908,3618,45
"South Dakota",2018,16278,1137,15284,0,1,0,968,3932,1561,1225,177,88,1490,3800,282,153,5,1442,19,1136,46
"Tennessee",2018,117555,7190,116239,2624,0,3,53516,6600,7801,2728,618,111,12099,22283,740,281,479,7146,0,3153,47
"Texas",2018,400154,15906,397448,10557,205,7,131388,10890,5229,28366,1744,322,66509,91996,2852,1262,294,49627,0,9675,48
"Utah",2018,56095,528,55622,1879,732,6185,7765,7026,8432,1859,175,290,4154,14246,521,659,561,5542,22,4843,49
"Vermont",2018,31263,0,31213,0,62,1,2217,7648,2698,1515,137,86,1085,3684,204,1359,355,1640,4871,3764,50
"Virginia",2018,123101,7343,120701,0,0,3,5824,15110,14522,11618,2182,848,13353,25564,2419,0,3579,17107,2,10973,51
"Washington",2018,111458,2572,108081,10878,181,12,9691,20218,15046,4730,1411,372,9294,26027,1078,325,1461,14798,2381,4626,53
"West Virginia",2018,50605,1329,45476,4649,3,5,7621,3657,7411,3302,431,85,5767,12457,1142,288,254,2262,4208,1720,54
"Wisconsin",2018,71193,4380,70137,1950,1445,7,7523,6784,10509,2811,221,254,5713,11226,360,402,6150,9134,127,9979,55
"Wyoming",2018,16256,308,15955,0,0,354,485,2970,2296,862,300,62,1487,4679,395,166,316,939,0,1299,56
"Puerto Rico",2018,2918,444,2086,427,21,0,249,105,101,193,80,4,180,718,62,15,19,670,328,194,72
"Other Jurisdiction",2018,392,50,366,0,0,0,114,8,9,10,3,3,4,16,0,2,0,112,95,16,99
"Alabama",2019,103203,848,102725,1266,63,0,205,6865,5567,10809,953,297,10429,41070,1591,575,320,15119,5,9398,1
"Alaska",2019,11082,0,10715,0,551,0,232,2974,1338,509,130,13,592,2455,296,116,88,921,736,682,2
"Arkansas",2019,76139,765,75693,1540,1567,5,16030,10744,8146,1103,2665,95,5946,17969,1258,102,410,6770,0,4901,5
"California",2019,743036,11575,703235,24099,10376,39537,44561,85048,61634,30534,11963,1352,51323,179374,13180,2797,1104,122932,62841,74393,6
"Colorado",2019,137279,1356,131831,2,4092,2,1871,33597,16795,6384,1762,89,14289,35430,1418,390,952,11820,5895,6587,8
"Connecticut",2019,94199,1200,93274,143,1621,2,48470,5250,4452,746,182,344,7345,13137,112,466,437,10268,255,2735,9
"Delaware",2019,14032,916,9442,1793,4824,10,3565,799,414,362,46,30,1586,2484,157,53,46,1816,2241,433,10
"District of Columbia",2019,45189,670,44631,21,114,1,8601,2935,1327,2253,372,28,6174,13117,418,50,44,6495,1494,1881,11
"Florida",2019,204076,4558,189245,29100,3505,13,29746,28627,14071,10385,1921,318,23087,52239,1278,553,436,25758,1091,14566,12
"Hawaii",2019,9905,530,9684,279,87,17,1303,2164,184,231,132,55,820,1810,221,21,30,2698,13,223,15
"Idaho",2019,17465,2160,16753,2512,88,1,10044,296,354,225,60,13,1441,2271,174,59,150,1930,0,448,16
"Illinois",2019,45670,3591,42079,0,0,2,228,6108,3586,3106,396,21,7011,11574,711,24,184,8721,294,3706,17
"Indiana",2019,139126,1111,138398,3866,1407,4,290,15709,20934,14735,5584,53,12182,36573,7163,608,1694,14058,1560,7983,18
"Iowa",2019,263112,2013,257829,18698,13569,131,59932,31304,52625,27491,2610,505,11056,48443,3944,0,1292,10378,0,13532,19
"Kentucky",2019,165999,6264,163914,1,2,3,1214,24232,17003,12997,3133,455,10333,33868,3351,4721,905,10101,25851,17835,21
"Louisiana",2019,36271,1041,35283,0,0,0,15938,1020,1531,1798,140,19,3235,7189,231,197,65,4358,0,550,22
"Maryland",2019,226003,1788,224311,14639,593,6,2108,36052,31728,29767,3453,312,27251,60594,3646,157,532,16460,0,13943,24
"Massachusetts",2019,26275,1997,25933,466,79,1,17718,649,727,291,1,3,1504,1660,26,57,27,3219,0,393,25
"Michigan",2019,244168,353,236875,7446,991,2854,10774,22538,14884,12401,2521,838,28631,56600,5622,13576,1724,30725,1911,41423,26
"Minnesota",2019,287670,2466,285429,22271,3799,13,26026,59631,69170,24705,3062,70,11510,50294,3539,12,5010,15929,6,18706,27
"Mississippi",2019,87406,2649,85471,2,563,3,522,7869,6773,13845,2674,174,8781,20482,3915,1078,364,10567,6792,3570,28
"Missouri",2019,80771,1538,79411,90,59,39,3808,3888,9819,7214,322,0,12842,23512,2066,0,954,13310,0,3036,29
"Montana",2019,71770,846,71277,3327,804,502,1009,10009,19413,3889,152,741,4807,17284,2065,1518,528,3250,7,7098,30
"Nebraska",2019,26280,638,24413,2937,215,2,5652,2488,1934,696,75,181,3323,6038,194,102,128,2390,806,2273,31
"Nevada",2019,18937,2638,18889,1,124,1,5995,1629,1734,352,263,27,949,1885,122,99,390,2018,2285,1189,32
"New Jersey",2019,427465,3133,401919,26638,8423,2241,106786,54542,24589,19376,4305,2436,30150,73431,8620,5342,2483,38155,21800,35450,34
"New Mexico",2019,203037,570,202022,12846,5,1,20,36934,30119,8977,1080,752,8395,28317,1051,2556,301,7011,38153,39371,35
"New York",2019,57523,8434,52254,1,1,19149,1341,8131,3166,1915,283,59,4990,7632,356,16,4502,18971,0,6161,36
"North Carolina",2019,107091,2405,95112,10504,4703,4,9344,13786,8975,2386,1103,141,15084,32298,1760,0,1202,13855,1,7156,37
"North Dakota",2019,15143,978,14761,1181,496,310,6204,1064,1308,580,140,46,865,2303,82,227,187,1319,0,818,38
"Ohio",2019,579276,6121,577566,6,2174,12,4800,113704,77825,54954,13068,634,61548,142395,15117,6896,3388,45127,67,39753,39
"Oklahoma",2019,106638,1692,104984,2601,480,863,14686,15879,10399,3679,702,28,10210,33711,1497,431,129,9948,1,5338,40
"Oregon",2019,142930,1563,142276,4875,2068,5,1630,48354,30829,33,11,764,9239,29497,5,25,950,11544,1,10048,41
"Pennsylvania",2019,586913,2117,578786,46267,5195,9,82982,81901,59574,60524,10800,2944,52983,130778,12221,9240,1697,38102,1,43166,42
"Rhode Island",2019,32563,224,32445,0,0,0,3432,3194,3802,1893,423,19,3472,10475,236,193,354,3950,1,1119,44
"South Carolina",2019,99514,1566,99021,0,1,0,4660,13265,7352,10730,2310,201,11384,23100,2501,698,1088,16491,1978,3756,45
"South Dakota",2019,16207,1202,15145,0,0,0,1059,4069,1587,1145,175,77,1429,3819,295,120,5,1379,19,1029,46
"Tennessee",2019,112426,6758,111003,2582,80,3,47232,8085,8467,2887,725,81,10961,22698,680,281,397,6780,0,3152,47
"Texas",2019,416338,16349,413717,10602,224,6,135224,11299,5325,28135,1493,344,71024,98157,2703,1202,217,51796,0,9419,48
"Utah",2019,56224,563,55709,1949,707,6497,7740,6897,8442,1589,191,294,4175,14602,428,665,461,5656,21,5063,49
"Vermont",2019,31333,0,31270,0,80,1,2093,7869,2949,1518,135,63,1110,3804,200,1368,351,1686,4496,3691,50
"Virginia",2019,126089,7723,123482,1,1,1,5307,16105,15008,12005,2044,846,13753,26805,2435,0,3363,17637,5,10776,51
"Washington",2019,161448,2601,158874,8312,196,7,10544,30082,27378,9918,2195,639,10683,34220,1450,1135,1422,16225,6659,8898,53
"Wisconsin",2019,74279,6932,72366,1595,1545,5,7744,6700,11084,2945,180,410,5669,11107,396,459,7276,9426,76,10807,55
"Wyoming",2019,16710,242,16425,0,0,341,451,3042,2648,847,210,52,1525,4785,337,183,290,964,0,1376,56
"Puerto Rico",2019,3947,523,3027,506,33,0,365,109,114,270,98,10,227,749,88,16,26,1274,381,220,72
"Other Jurisdiction",2019,526,54,493,0,0,0,129,34,19,42,1,1,18,32,2,13,2,95,116,22,99
"Alabama",2020,97527,734,97096,1164,51,0,54,8405,6667,13161,1188,267,11427,28710,1996,429,403,17352,4,7464,1
"Alaska",2020,10337,0,10023,0,476,0,135,3098,1334,427,96,18,507,2397,205,93,78,640,680,629,2
"Arizona",2020,384334,217,384116,5081,4,1800,34034,58492,50366,25955,2321,3477,26344,55750,1554,13198,1576,24800,46705,39762,4
"Arkansas",2020,77552,593,76556,1118,1130,2,3941,12098,9585,2795,3082,71,6851,19271,1582,142,390,8542,4177,5025,5
"California",2020,679596,10356,646002,21049,8333,30699,40258,79788,59926,27350,9178,918,44741,168117,11147,2227,983,105594,59961,69408,6
"Colorado",2020,127969,1161,123190,1,3619,1,1654,32066,16404,5808,1245,48,13307,32962,1044,319,836,11706,5302,5268,8
"Connecticut",2020,86915,1174,86006,104,1550,1,45290,5279,4121,717,142,196,6482,11809,103,452,348,9341,174,2461,9
"Delaware",2020,12230,896,7035,2122,3115,2,1671,637,400,283,30,32,1632,2849,120,47,41,1931,2152,405,10
"District of Columbia",2020,51073,486,50521,22,134,1,15912,2997,1196,2022,364,30,5635,13430,379,35,49,6244,1241,1539,11
"Florida",2020,282228,3850,255032,42212,3535,12,37988,42532,20455,13630,2678,406,31329,75167,1803,750,666,34452,527,19845,12
"Georgia",2020,140661,0,137103,5625,571,2,4,11173,9085,6735,542,19,21660,33839,834,69,333,26903,11377,18088,13
"Hawaii",2020,10014,433,10006,230,111,1,3931,829,212,280,137,42,576,1116,262,11,21,2291,66,240,15
"Idaho",2020,16364,2190,15556,2519,88,3,9282,291,331,269,69,4,1325,2074,190,61,102,1914,0,452,16
"Illinois",2020,39500,3198,36302,0,0,0,233,5762,3526,2691,357,21,5688,9709,627,37,161,7447,236,3005,17
"Indiana",2020,138697,1098,137963,899,909,1,792,16888,22929,13716,5867,24,11804,37259,6496,536,1544,13065,1,7776,18
"Iowa",2020,236041,283,227193,26270,15702,12,179303,2415,15370,4848,641,326,4916,16844,375,0,395,6237,0,4371,19
"Kansas",2020,146152,1,146151,0,0,0,7038,25108,18948,11501,5190,297,14455,41173,3924,775,654,8121,2320,6648,20
"Kentucky",2020,156223,5021,154312,810,1,5,2369,23577,15975,11792,2648,447,9387,31322,3008,4712,813,9479,24140,16554,21
"Louisiana",2020,35891,994,34927,0,16,1,18365,1028,1458,1390,130,13,2937,5913,141,188,54,3779,0,495,22
"Massachusetts",2020,24755,1302,24508,812,133,1,17857,462,478,143,1,3,1270,1217,12,43,25,2955,0,289,25
"Michigan",2020,224250,307,216676,8459,1062,3643,16480,19632,13002,11294,2049,656,25457,47407,4745,14081,1986,29636,1411,36414,26
"Minnesota",2020,318448,3470,315823,25156,4106,18,33847,64804,77003,25836,2763,91,12564,55185,3221,71,6430,17743,27,18863,27
"Mississippi",2020,102061,9395,95885,267,449,3,600,9346,8196,15928,2716,191,10156,23612,4434,1334,411,13475,6415,5247,28
"Missouri",2020,82117,1529,80740,1,48,43,6349,4670,9947,6783,272,0,12140,23430,2023,0,946,12670,0,2887,29
"Montana",2020,74413,843,73501,2434,696,612,1173,10270,22278,4300,141,814,4647,17264,1872,1800,496,3205,95,6058,30
"Nebraska",2020,29728,2793,26867,2966,200,6,7747,2752,1995,661,119,398,3322,5975,151,103,194,2526,989,2796,31
"Nevada",2020,16416,2445,15347,0,27,1,3380,1498,1634,354,203,25,1069,2186,91,94,309,2281,1593,1699,32
"New Jersey",2020,415832,2829,396759,17741,8412,2037,99844,54712,24582,20236,4192,2385,29268,72165,7827,4739,2515,36545,21747,35075,34
"New Mexico",2020,179627,524,178983,9696,1833,12,22,34435,29651,8672,1008,658,6759,25546,922,2818,261,5241,27177,36457,35
"New York",2020,55997,8027,50967,0,0,18629,1157,8693,3075,1868,239,52,4694,7359,287,15,4271,18718,0,5569,36
"North Carolina",2020,109011,2066,94484,13160,4989,7,9184,14325,9276,2044,1023,107,15283,33245,1741,0,1265,14039,0,7479,37
"North Dakota",2020,14382,690,14091,346,1562,514,5041,1338,1398,536,120,48,866,2337,91,257,208,1346,0,796,38
"Ohio",2020,515398,5068,513577,16,1862,6,86376,83096,61936,40729,7654,388,48804,104648,10265,5037,2538,36777,287,26863,39
"Oklahoma",2020,109073,1571,107476,2436,416,819,14264,16411,11924,3711,594,22,10027,34522,1423,467,164,9987,1,5556,40
"Oregon",2020,145434,1502,144615,5253,1994,4,85,42378,31344,8784,471,443,8685,27416,1232,701,1104,11235,4,11552,41
"Pennsylvania",2020,603630,2330,595783,46282,5448,13,89171,84896,67188,61058,10021,2779,54418,132628,11438,6188,2143,39332,0,42370,42
"Rhode Island",2020,32645,209,32525,0,0,0,3279,3313,3722,1949,381,16,3484,10646,239,193,374,3993,1,1055,44
"South Carolina",2020,99755,1332,99297,0,0,0,4492,14379,7944,10371,2413,217,11149,22732,2342,726,1066,16492,1688,3744,45
"South Dakota",2020,15806,1129,14792,0,0,0,1017,4098,1646,1099,159,50,1334,3571,246,106,6,1340,17,1117,46
"Tennessee",2020,98452,6819,96990,2662,97,1,35633,8391,8422,2399,635,60,10556,21732,463,245,459,6670,0,2787,47
"Texas",2020,415350,16360,413128,10893,198,9,131577,11416,5822,27197,1256,302,71449,101563,2385,1170,175,51948,0,9090,48
"Utah",2020,57456,561,56914,1945,664,5862,7123,7135,9122,1446,134,273,4369,15485,357,613,410,5821,17,5151,49
"Vermont",2020,27451,0,27430,1,156,0,2511,7750,2961,1400,122,51,1046,3667,187,1360,302,1632,1005,3457,50
"Virginia",2020,128670,7270,126069,0,0,7,5689,17026,16142,11701,1929,900,13897,27506,2288,0,3360,17636,4,10592,51
"Washington",2020,238447,2235,237136,3114,220,5,24434,40848,43011,15097,2610,796,12430,43931,1655,2205,1454,17068,16083,16825,53
"Wisconsin",2020,75905,6514,74178,1207,1471,4,7259,6747,12527,2848,215,341,5485,11720,404,505,7928,9429,77,10420,55
"Wyoming",2020,16169,244,15904,0,0,296,404,2804,2562,796,200,51,1489,4855,244,178,307,1013,0,1266,56
"Puerto Rico",2020,3126,105,2328,340,726,2,176,62,89,146,41,9,200,517,34,9,21,1364,264,194,72
"Other Jurisdiction",2020,594,73,550,0,0,0,160,48,27,27,1,4,32,36,1,8,3,139,88,20,99
"Alabama",2021,94898,715,94468,1033,43,2,248,8099,7360,12286,1145,217,11402,28652,1885,36,332,17327,7,5902,1
"Alaska",2021,9636,0,9435,0,355,1,97,2845,1332,387,82,16,419,2185,146,84,69,551,807,616,2
"Arizona",2021,405709,212,405497,2760,3,8,24455,65631,61006,26123,2229,3408,26880,63260,1310,13438,1693,26381,47545,42350,4
"Arkansas",2021,76483,614,75652,948,964,0,3670,12674,9357,3171,2586,62,6696,18791,1350,160,379,8654,4320,4613,5
"California",2021,651426,9582,620941,19504,7665,28628,77937,75520,58838,25089,7284,758,39002,146604,9571,2069,881,93026,55693,59154,6
"Colorado",2021,142685,1154,136817,3,4714,0,1910,35070,19531,6308,1051,63,15268,36528,863,349,948,13548,5378,5870,8
"Connecticut",2021,87983,1113,87018,146,1581,4,46645,5255,4378,715,138,219,6193,11745,106,467,312,9089,120,2601,9
"Delaware",2021,15479,876,10154,2112,3841,5,3117,1030,538,539,76,21,1790,3118,240,78,40,2091,2227,574,10
"District of Columbia",2021,70002,752,69129,22,160,0,30965,3582,1456,2129,390,32,6091,15394,380,42,51,6521,1250,1719,11
"Georgia",2021,130414,0,125401,7131,303,9,12,9960,8829,5473,453,15,20614,30368,572,53,321,26409,13919,13416,13
"Hawaii",2021,9496,495,9341,109,101,0,538,2514,247,250,108,24,806,1527,203,9,21,2918,0,331,15
"Idaho",2021,14039,1815,13246,2035,69,1,8775,221,270,237,53,4,826,1357,176,55,59,1604,0,402,16
"Illinois",2021,29688,2734,26954,0,0,3,238,3950,2860,1192,130,11,4676,7090,256,19,156,6630,158,2322,17
"Indiana",2021,142235,1128,141510,524,969,1,760,17570,26351,13099,5158,35,12135,38932,5877,547,1580,12703,1,7487,18
"Iowa",2021,306017,284,301227,16507,18154,15,99810,29878,61212,25357,1808,1095,10923,45914,3174,1986,1341,10270,0,13249,19
"Kansas",2021,61605,0,61604,3,0,1,970,11870,9972,4302,1693,31,5009,18612,1502,174,324,3284,826,3036,20
"Kentucky",2021,146394,4372,144595,1265,3,4,963,22538,16599,10237,1936,371,9476,30733,2342,4576,713,9352,21613,14945,21
"Louisiana",2021,41249,996,40294,0,27,0,21836,1336,2193,1495,168,15,3028,6594,189,195,65,3549,0,586,22
"Maryland",2021,221241,1179,219874,11455,405,0,217,35814,35560,26628,2629,13,27306,60903,2734,10,571,15788,39,13029,24
"Massachusetts",2021,24382,1426,24027,314,131,0,13245,885,957,229,9,5,2083,2217,12,64,79,4126,0,471,25
"Michigan",2021,288128,384,276826,9864,1228,4073,16804,27829,16892,14296,2794,930,33030,66866,6171,17030,2247,36844,1401,44994,26
"Minnesota",2021,312825,3558,310074,23373,4263,20,35059,63128,79940,25539,2147,56,11729,51571,2676,79,6353,17333,35,17180,27
"Mississippi",2021,95785,2003,93634,1674,441,4,641,9032,8312,14113,2318,169,8981,21729,3979,1235,366,13176,5215,6519,28
"Missouri",2021,82407,1530,81027,1,47,26,2112,5113,7541,3685,101,44,12552,30229,760,0,357,16552,243,3118,29
"Montana",2021,71754,908,71124,2526,688,855,594,10979,23434,5021,178,456,4348,17326,1595,64,202,2665,21,4871,30
"Nebraska",2021,24778,611,23233,2165,134,1,4509,2485,2073,627,62,633,2989,5610,96,83,115,2207,936,2353,31
"Nevada",2021,15937,1978,15881,20,38,16,3981,1231,1189,274,238,17,1060,2134,55,77,145,2476,814,2246,32
"New Hampshire",2021,49091,4258,44834,3633,11,1,6986,9000,5354,1970,429,188,3228,10954,626,596,3181,4000,792,1787,33
"New Jersey",2021,418437,1829,400245,17600,8465,2053,100013,56685,25030,19972,4285,2387,28307,73373,7357,4399,2639,36060,22153,35777,34
"New Mexico",2021,199859,481,199438,13695,275,13,90,36127,34486,8714,856,495,8268,28362,811,3304,284,6575,36756,34731,35
"New York",2021,47269,7010,42682,0,0,13968,572,6553,2597,1580,157,39,4155,6200,207,12,3490,17525,0,4182,36
"North Carolina",2021,101155,1779,85368,14868,4449,5,7439,13377,8813,1701,931,102,14471,29970,1422,0,1133,14407,0,7389,37
"North Dakota",2021,10979,560,10829,381,1412,572,2453,1109,1160,441,90,46,897,2039,84,228,131,1610,0,691,38
"Oklahoma",2021,109149,1379,107564,2340,435,764,11920,18885,13446,3648,530,18,9539,33917,1191,494,191,10045,3,5322,40
"Oregon",2021,158881,1330,158049,5198,2460,1,44,50373,35879,8458,356,308,9111,30069,1152,12,1084,11621,1,10413,41
"Pennsylvania",2021,571346,2242,563647,42933,5862,11,75947,84530,68137,57251,9817,2067,51182,124594,10285,5484,2203,38468,2,41379,42
"Rhode Island",2021,32314,186,32209,1,0,1,2906,4095,3473,1905,282,31,3408,10425,189,198,311,4076,1,1014,44
"South Carolina",2021,96744,1027,96339,0,1,5,3368,14107,8453,9044,2060,221,11273,22941,1811,673,1070,16661,1728,3334,45
"Tennessee",2021,101229,5735,100141,2444,0,1,34908,9126,9374,2522,599,56,10973,22984,297,339,452,6806,0,2793,47
"Texas",2021,425546,15890,423122,9633,134,7,133628,11261,6246,25736,1146,384,73786,109216,2173,1124,134,51962,0,8750,48
"Utah",2021,57477,499,56866,2075,546,4887,5562,7038,9345,1442,124,226,4564,16803,315,496,405,6055,24,5078,49
"Vermont",2021,27541,0,27468,0,115,0,2499,7180,3326,1437,89,49,1077,3561,168,1417,323,1643,1301,3471,50
"Virginia",2021,126598,7116,124202,0,0,3,5122,16035,18614,10548,1515,850,14338,27318,1790,0,2820,19591,5,8052,51
"Washington",2021,291139,1985,290067,1518,159,3,37779,52943,55351,16619,2648,722,13951,54047,1505,2282,1766,17698,14733,19095,53
"West Virginia",2021,18589,1694,17722,714,4,4,5765,1068,4224,437,69,18,589,2325,221,93,147,375,2810,448,54
"Wisconsin",2021,69845,5682,68542,990,1758,9,6831,6176,11009,2671,233,286,5278,11245,383,488,6567,9158,63,9457,55
"Wyoming",2021,14233,221,14030,1,0,233,448,2428,2415,670,152,35,1394,4170,154,142,276,953,0,996,56
"Puerto Rico",2021,8174,1629,4993,926,931,0,4781,112,68,276,65,21,183,438,69,20,24,1544,355,218,72
"Other Jurisdiction",2021,755,75,719,0,0,0,210,87,51,23,1,6,25,72,0,12,3,143,82,40,99
